type,count,mean,std,min,25%,50%,75%,max
ban,100.0,1415.18,255.47481561621967,965.0,1199.5,1414.0,1637.25,1845.0
rep,100.0,523.21,264.1253641356657,74.0,297.25,520.0,734.75,1088.0
