type,count,mean,std,min,25%,50%,75%,max
latency,100.0,249.97,21.889739767085103,205.0,242.75,249.0,255.25,392.0
proof_gen,100.0,1633.54,22.37261132218895,1604.0,1618.75,1627.0,1642.25,1745.0
proof_verify,100.0,129.03,8.719483582150604,104.0,124.0,131.0,136.0,139.0
