type,count,mean,std,min,25%,50%,75%,max
author,100.0,1470.45,21.72294555617087,1442.0,1454.0,1463.0,1481.0,1536.0
badge,100.0,1355.89,20.112760410076277,1329.0,1340.75,1351.0,1364.25,1418.0
pseudo msg,100.0,1668.98,23.039702228715527,1641.0,1651.0,1661.0,1684.25,1751.0
pseudo vote,100.0,1426.93,15.587650512019078,1406.0,1414.75,1423.5,1436.0,1472.0
rate-limit pseudo,100.0,1700.62,18.678989439063514,1678.0,1688.0,1694.0,1707.25,1757.0
