type,count,mean,std,min,25%,50%,75%,max
author,10.0,1477.3,17.863992337163108,1452.0,1463.5,1472.5,1494.75,1502.0
badge,10.0,1363.2,23.332380932943813,1334.0,1344.5,1362.5,1376.5,1401.0
pseudo_msg,10.0,1656.2,17.781388522209895,1640.0,1649.25,1651.0,1652.75,1703.0
pseudo_vote,10.0,1430.2,31.346805614324122,1407.0,1410.25,1414.0,1438.5,1489.0
rate_pseudo,10.0,1695.3,14.298795598075927,1683.0,1683.0,1690.5,1703.0,1725.0
