type,count,mean,std,min,25%,50%,75%,max
author,100.0,194.79,48.359406760445495,160.0,179.75,191.0,197.0,647.0
badge,100.0,192.02,29.02697456720649,159.0,185.0,190.0,195.0,460.0
ban,100.0,1415.18,255.47481561621967,965.0,1199.5,1414.0,1637.25,1845.0
pseudo_msg,100.0,253.86,39.56889401711114,212.0,244.0,251.5,259.0,623.0
pseudo_vote,100.0,193.63,17.29053866346354,158.0,187.0,193.0,199.25,304.0
rate_pseudo,100.0,256.25,23.52620503252327,213.0,249.0,255.5,260.0,459.0
rep,100.0,523.21,264.1253641356657,74.0,297.25,520.0,734.75,1088.0
