type,count,mean,std,min,25%,50%,75%,max
author,100.0,194.27,22.690653529058114,142.0,186.75,195.0,201.0,335.0
badge,100.0,187.46,12.933723830406006,141.0,182.75,189.0,193.0,229.0
pseudo msg,100.0,254.64,15.625361409961666,211.0,249.0,255.5,261.0,367.0
pseudo vote,100.0,193.27,12.701590610644168,167.0,187.0,191.5,198.0,258.0
rate-limit pseudo,100.0,253.88,10.006341423660727,220.0,250.75,254.5,259.0,283.0
