type,count,mean,std,min,25%,50%,75%,max
author,10.0,200.4,12.176480060619598,190.0,194.0,197.0,200.75,232.0
badge,10.0,192.0,10.143416036468626,178.0,188.25,190.5,192.75,217.0
ban,10.0,103.9,30.17154656662834,67.0,75.0,109.0,131.5,140.0
pseudo_msg,10.0,250.5,14.774226808120206,218.0,250.5,254.5,256.75,267.0
pseudo_vote,10.0,191.2,19.4296451617396,157.0,184.0,188.5,200.0,231.0
rate_pseudo,10.0,256.7,3.6224607965059086,253.0,253.0,256.5,259.75,262.0
rep,10.0,191.6,26.403703443940504,159.0,174.5,188.0,209.5,238.0
