type,count,mean,std,min,25%,50%,75%,max
latency,10.0,244.6,10.885260166339107,233.0,237.25,242.5,246.0,267.0
proof_gen,10.0,1621.4,21.417542135154328,1591.0,1605.25,1622.0,1635.75,1659.0
proof_verify,10.0,125.4,5.719362823873925,113.0,124.5,127.0,129.75,130.0
